,Price,Strap_color,Size_fits,Brand_Name,Screen_Size,Calling_System
0,1299,Black Strap, Free Size,Boult Drift,1.69,Yes
1,1399,Jet Black Strap, Free Size,Boult Drift+,1.85,Yes
2,1399,Black Strap, Regular,Noise Colorfit,1.8,No
3,1199,Black Strap, Free Size,Fastrack Revoltt,1.83,Yes
4,1099,Chocolate Brown Strap, Free Size,boAt Wave,1.83,No
5,1099,Black Strap, Regular,Noise Caliber,1.69,No
6,1399,Pink Strap, Regular,Noise Icon,1.8,Yes
7,1399,Black Coffee Strap, Free Size,Boult Drift+,1.85,Yes
8,8999,Black Strap, Free Size,SAMSUNG Galaxy,,No
9,1299,Jet Black Strap, Regular,Noise Icon,1.69,Yes
10,1299,Green Strap, Free Size,Boult Drift,1.69,Yes
11,1299,Sand Black Strap, Free Size,Boult Drift,1.69,Yes
12,1399,Black Strap, Free Size,Fastrack Revoltt,1.38,No
13,719,Orange Strap, Free Size,Gamesir T800,1.83,No
14,664,Pink Strap, Free Size,Melbon Pink,1.69,No
15,1399,Active Black Strap, Free Size,boAt Wave,1.83,No
16,1999,Chrome Rig Strap, Free Size,Boult CrownR,1.43,Yes
17,1399,Peach fuzz Strap, Free Size,Boult Drift+,1.85,Yes
18,1199,Teal Strap, Free Size,Fastrack Revoltt,1.83,Yes
19,684,Pink Strap, 1.75 Inch Full Screen Display,Gamesir I8,,No
20,1399,Chrome Strap, Free Size,Boult Drift+,1.85,Yes
21,1299,Cream Strap, Free Size,Boult Striker,,Yes
22,999,Mint Green Strap, Free Size,beatXP Marv,1.85,Yes
23,1399,Wine Red Strap, Free Size,Fastrack Revoltt,1.38,No
24,1399,Metal Black Strap, Free Size,boAt Storm,1.83,Yes
25,1399,Deep Wine Strap, Regular,Noise Colorfit,1.8,No
26,1399,Gunmetal Strap, Free Size,Boult Drift,1.69,Yes
27,1699,Jet Black Strap, Free Size,Boult CrownX,2.0,Yes
28,799,Electric Black Strap, Free Size,beatXP Vector,1.30,Yes
29,1399,Grey Strap, Regular,Noise Colorfit,1.8,No
30,2499,Black Strap, Free Size,Inbase FIT,1.78,No
31,2499,Space Grey Strap, Free Size,Urban FIT,1.78,Yes
32,1199,Blue Strap, Free Size,Fastrack Revoltt,1.83,Yes
33,999,Electric Black Strap, Free Size,beatXP Unbound,2.01,No
34,1399,Black Strap, Free Size,Fire-Boltt Rise,1.85,Yes
35,8999,Silver Strap, Free Size,SAMSUNG Galaxy,,No
36,2270,Silver Strap, Regular,AXL CZAR,1.81,No
37,1999,Black Strap, Free Size,Inbase Urban,1.7,Yes
38,1299,Deep Blue Strap, Free Size,boAt Ultima,2.0,No
39,899,Copper Black Strap, Free Size,beatXP Marv,1.85,Yes
40,1299,Black Strap, Free Size,Boult Drift,1.69,Yes
41,1399,Jet Black Strap, Free Size,Boult Drift+,1.85,Yes
42,351,MULTICOLOR Strap, KIDS,windexa LEDDisplayDigitalWatchWaterproof,,No
43,299,Green Strap, M,MVS Digital,,No
44,299,Black Strap, Regular,MVS Digital,,No
45,662,Black Strap, Free Size,Digniti New,,No
46,1399,Black Coffee Strap, Free Size,Boult Drift+,1.85,Yes
47,1299,Green Strap, Free Size,Boult Drift,1.69,Yes
48,557,black Strap, Free Size,SAMSTAR COLLECTION,,Yes
49,299,Blue Strap, M,MVS Multicolor,,No
50,1299,Sand Black Strap, Free Size,Boult Drift,1.69,Yes
51,1999,Chrome Rig Strap, Free Size,Boult CrownR,1.43,Yes
52,299,Grey Strap, M,MVS Digital,,No
53,879,Brown Strap, Regular,WOKIT DZ09,,No
54,4781,Black Strap, Parent Controll Via Sekyo App,Sekyo Carepal,,No
55,719,black Strap, Free Size,SAMSTAR COLLECTION,,Yes
56,1399,Peach fuzz Strap, Free Size,Boult Drift+,1.85,Yes
57,1399,Chrome Strap, Free Size,Boult Drift+,1.85,Yes
58,383,MULTICOLOR Strap, KIDS,KYOKA Led,,No
59,559,Black Strap, Free Size,Fuziqra T800,,No
60,1299,Cream Strap, Free Size,Boult Striker,,Yes
61,1399,Gunmetal Strap, Free Size,Boult Drift,1.69,Yes
62,590,Black Strap, Free Size,VYGHA COLLECTION,,No
63,582,Black Strap, Free Size,VYGHA COLLECTION,,No
64,1709,Pink Strap, Free Size,SAMSTAR COLLECTION,,No
65,299,Black Strap, Regular,MVS Digital,,No
66,1699,Jet Black Strap, Free Size,Boult CrownX,2.0,Yes
67,2499,Black Strap, Free Size,Inbase FIT,1.78,No
68,699,Orange Strap, Free Size,PLUS ORSON,,No
69,699,Black Strap, Free Size,BEST BOOST,,No
70,2499,Space Grey Strap, Free Size,Urban FIT,1.78,Yes
71,2270,Silver Strap, Regular,AXL CZAR,1.81,No
72,664,Black Strap, Free Size,ROBB STARK,1.69,Yes
73,634,multicolored Strap, free size,AuraTech T10,2.09,No
74,0,Orange Strap, Free Size,Hexa T800,,No
75,636,Black Strap, Free Size,TEXOVICT T800,,No
76,1999,Black Strap, Free Size,Inbase Urban,1.7,Yes
77,1399,Black Strap, Standard,TXOR WAVE,,No
78,599,black Strap, Free Size,SAMSTAR COLLECTION,,Yes
79,1499,Black & Grey Strap, 1.99 Inch Free Size,PunnkFunnk T-STORM,1.99,Yes
80,1299,Black Strap, Free Size,Boult Drift,1.69,Yes
81,1399,Jet Black Strap, Free Size,Boult Drift+,1.85,Yes
82,2299,Black Strap, Free Size,Fastrack Revoltt,1.96,No
83,2299,Wine Red Strap, Free Size,Fastrack Revoltt,1.96,No
84,1199,Deep Blue Strap, Free Size,boAt Wave,1.83,No
85,2399,Silver Strap, Free Size,Boult CrownR,1.43,Yes
86,1399,Black Coffee Strap, Free Size,Boult Drift+,1.85,Yes
87,1299,Green Strap, Free Size,Boult Drift,1.69,Yes
88,1399,Beige Strap, Free Size,Fastrack Revoltt,1.38,No
89,1299,Dark Blue Strap, Free Size,boAt Storm,1.83,Yes
90,1299,Sand Black Strap, Free Size,Boult Drift,1.69,Yes
91,1999,Chrome Rig Strap, Free Size,Boult CrownR,1.43,Yes
92,1349,Metal Grey Strap, Free Size,boAt Lunar,1.39,No
93,1499,Silver Strap, Free Size,Boult Crown,1.95,Yes
94,1099,Electric Black Strap, Free Size,beatXP Marv,1.96,Yes
95,1399,Silver Strap, Free Size,Fire-Boltt Ninja,46.5,Yes
96,1399,Peach fuzz Strap, Free Size,Boult Drift+,1.85,Yes
97,1399,Chrome Strap, Free Size,Boult Drift+,1.85,Yes
98,1499,cherry Blossom Strap, One Size,boAt Wave,2.01,No
99,1499,Blue Strap, Free Size,Fastrack Revoltt,2.01,No
100,1299,Cream Strap, Free Size,Boult Striker,,Yes
101,1399,Gunmetal Strap, Free Size,Boult Drift,1.69,Yes
102,1299,Grey Strap, Regular,Noise Thrive,1.85,Yes
103,1999,Gold Strap, Free Size,Fire-Boltt Blizzard,32.5,No
104,1299,Metal Black Strap, Free Size,Boult Striker,,Yes
105,1399,Green Strap, Regular,Noise Colorfit,1.8,No
106,2270,Silver Strap, Regular,AXL CZAR,1.81,No
107,1399,Black Strap, Standard,TXOR WAVE,,No
108,1299,Cherry Blossom Strap, Free Size,boAt Wave,1.83,No
109,1699,Black Strap, 1.78,Fire-Boltt Hulk,45.2,Yes
110,2041,Grey, Free Size,Voods V,1.85,Yes
111,2136,Black, Free Size,Voods V,2.01,No
112,1099,Green Strap, Free Size,boAt Wave,,Yes
113,1199,Ice Silver Strap, Free Size,beatXP Vega,1.43,Yes
114,1699,Gold Silver Strap, Free Size,Fire-Boltt Blizzard,32.5,No
115,1099,Green Strap, Regular,Noise Caliber,1.69,No
116,1999,Black Strap, Free Size,"PLAYFIT STRENGTH,",,No
117,1199,Beige Strap, Free Size,Fastrack Revoltt,1.83,Yes
118,1799,Elite Black Strap, Regular,Noise Crew,1.39,Yes
119,2199,Carbon Black Strap, Regular,Noise Evolve,1.43,No
120,1299,Black Strap, Free Size,Boult Drift,1.69,Yes
121,1399,Jet Black Strap, Free Size,Boult Drift+,1.85,Yes
122,2199,Black Strap, Regular,Noise Force,1.46,No
123,745,Black Strap, Regular Wear,WTG T500,1.92,Yes
124,2099,Silver Strap, Free Size,Fire-Boltt Brillia,51.3,No
125,1499,Electric Black Strap, Free Size,beatXP Evoke,1.43,No
126,1399,Black Coffee Strap, Free Size,Boult Drift+,1.85,Yes
127,1299,Green Strap, Free Size,Boult Drift,1.69,Yes
128,5499,Midnight Steel Strap, Free Size,Fire-Boltt Dream,,No
129,999,Electric Black Strap, Free Size,beatXP Duke,1.43,No
130,1299,Sand Black Strap, Free Size,Boult Drift,1.69,Yes
131,1999,Chrome Rig Strap, Free Size,Boult CrownR,1.43,Yes
132,1499,Blue Strap, Free Size,boAt Wave,1.83,No
133,2199,Midnight Gold Strap, Regular,Noise Icon,1.96,No
134,1499,Active Black Strap, Free Size,boAt Lunar,1.39,No
135,5499,Blue Strap, Free Size,CMF by,1.32,No
136,1399,Peach fuzz Strap, Free Size,Boult Drift+,1.85,Yes
137,1399,Chrome Strap, Free Size,Boult Drift+,1.85,Yes
138,1699,Black Strap, 1.43,Fire-Boltt Ninja,36.3,No
139,1199,Active Black Strap, Free Size,boAt Wave,1.83,No
140,1299,Cream Strap, Free Size,Boult Striker,,Yes
141,1399,Gunmetal Strap, Free Size,Boult Drift,1.69,Yes
142,1199,Golden, Free Size,Gamesir S9,,No
143,4499,Gray Strap, Free Size,SAMSUNG Galaxy,,No
144,2099,Rose Gold Strap, Free Size,Fire-Boltt Jewel,1.85,No
145,2299,Jet Black Strap, Free Size,boAt Wave,1.96,No
146,1699,Jet Black Strap, Free Size,Boult CrownX,2.0,Yes
147,2499,Black Strap, Free Size,Inbase FIT,1.78,No
148,1199,Gold Strap, Free Size,PunnkFunnk S9,,Yes
149,1799,Black Strap, Free Size,Fire-Boltt Apollo,36.3,No
150,2499,Space Grey Strap, Free Size,Urban FIT,1.78,Yes
151,2270,Silver Strap, Regular,AXL CZAR,1.81,No
152,1699,Gold Link Strap, Regular,Noise Crew,1.39,Yes
153,1699,Gold Strap, 1.43,Fire-Boltt Ninja,36.3,No
154,1994,Black Strap, Regular,realme Smart,,No
155,1899,Grey Strap, Regular,Noise Force,1.46,No
156,1999,Black Strap, Free Size,Inbase Urban,1.7,Yes
157,1399,Black Strap, Standard,TXOR WAVE,,No
158,3999,WHISKEY BROWN Strap, Free Size,Pebble Royale,1.43,No
159,1499,Black Strap, Regular,Noise Icon,1.91,Yes
160,1299,Black Strap, Free Size,Boult Drift,1.69,Yes
161,1399,Jet Black Strap, Free Size,Boult Drift+,1.85,Yes
162,1299,Blue Strap, Regular,Noise Thrive,1.85,Yes
163,2599,Charcoal Black Strap, Free Size,REDMI Watch,1.83,Yes
164,1299,Pink Strap, Free Size,iConnect by,,No
165,4999,Ash Grey Strap, Free Size,CMF by,1.32,No
166,1399,Black Coffee Strap, Free Size,Boult Drift+,1.85,Yes
167,1299,Green Strap, Free Size,Boult Drift,1.69,Yes
168,1799,Elite Silver Strap, Regular,Noise Crew,1.39,Yes
169,1199,Active Black Strap, Free Size,boAt Lunar,,Yes
170,1299,Sand Black Strap, Free Size,Boult Drift,1.69,Yes
171,1999,Chrome Rig Strap, Free Size,Boult CrownR,1.43,Yes
172,2099,Champagne Strap, Free Size,Fire-Boltt Brillia,51.3,No
173,999,Black Strap, Free Size,"alt Hunk,",1.96,Yes
174,2299,Green Strap, Free Size,Fastrack Revoltt,1.96,No
175,2999,Pink Strap, Free Size,Fastrack Revoltt,1.3,No
176,1399,Peach fuzz Strap, Free Size,Boult Drift+,1.85,Yes
177,1399,Chrome Strap, Free Size,Boult Drift+,1.85,Yes
178,1499,Black Strap, Free Size,Fire-Boltt Destiny,35.3,No
179,2399,Jet Black Strap, Free Size,Boult CrownR,1.43,Yes
180,1299,Cream Strap, Free Size,Boult Striker,,Yes
181,1399,Gunmetal Strap, Free Size,Boult Drift,1.69,Yes
182,1799,Coal Black Strap, Free Size,Boult Mirage,1.39,Yes
183,999,Electric Black Strap, Free Size,beatXP Marv,1.96,Yes
184,1099,Snow Leather Strap, Free Size,Boult Cosmic,1.3,Yes
185,1199,Gold Strap, Free Size,Gamesir S9,,Yes
186,1699,Jet Black Strap, Free Size,Boult CrownX,2.0,Yes
187,2499,Black Strap, Free Size,Inbase FIT,1.78,No
188,1799,Active Black Strap, Regular,Noise Icon,1.78,Yes
189,1999,Black Strap, Free Size,Fastrack FR1|1.39,1.39,No
190,2499,Space Grey Strap, Free Size,Urban FIT,1.78,Yes
191,2270,Silver Strap, Regular,AXL CZAR,1.81,No
192,999,Ice Silver Strap, Free Size,beatXP Sigma,1.38,Yes
193,1799,Black Strap, Free Size,Fire-Boltt Ultimate,35.3,No
194,1799,Black Strap, Regular,Noise Fuse,1.43,Yes
195,1399,Green Strap, Regular,Noise Loop,1.85,No
196,1999,Black Strap, Free Size,Inbase Urban,1.7,Yes
197,1399,Black Strap, Standard,TXOR WAVE,,No
198,1349,Black Strap, Free Size,boAt Wave,,Yes
199,999,Ice Silver Strap, Free Size,beatXP Marv,1.85,Yes
200,1299,Black Strap, Free Size,Boult Drift,1.69,Yes
201,1399,Jet Black Strap, Free Size,Boult Drift+,1.85,Yes
202,879,Black Strap, Regular,Ocean I,,No
203,699,Orange Strap, Free Size,FEEL FLON,,No
204,664,Black Strap, Free Size,BEST BOOST,,No
205,388,Black Strap, FREE SIZE,Clonezo MAX_ID116,,No
206,1399,Black Coffee Strap, Free Size,Boult Drift+,1.85,Yes
207,1299,Green Strap, Free Size,Boult Drift,1.69,Yes
208,21995,Silver Strap, Regular,FOSSIL Q,,No
209,719,Black Titanium Strap, 1.89 Inch,Plextone Trending,,Yes
210,1299,Sand Black Strap, Free Size,Boult Drift,1.69,Yes
211,1999,Chrome Rig Strap, Free Size,Boult CrownR,1.43,Yes
212,699,Black Strap, Free Size,Dude T800,,No
213,590,Orange Strap, FREE SIZE,TIGFANTER T800,1.99,No
214,664,Black Strap, Free Size,Dude T800,1.9,No
215,699,Black Strap, Free Size,BEST BOOST,,No
216,1399,Peach fuzz Strap, Free Size,Boult Drift+,1.85,Yes
217,1399,Chrome Strap, Free Size,Boult Drift+,1.85,Yes
218,569,Black Strap, Free,IMSZZ i8,,No
219,3400,Black Strap, Free,safeobuddykids KS01,,No
220,1299,Cream Strap, Free Size,Boult Striker,,Yes
221,1399,Gunmetal Strap, Free Size,Boult Drift,1.69,Yes
222,546,Black Strap, Free Size,TECHMAZE T500,,Yes
223,333,White Strap, Free,MVS Digital,,No
224,749,Black Strap, Free,Tunifi T800,,Yes
225,897,Black Strap, Regular,Axxe DZ09,,No
226,1699,Jet Black Strap, Free Size,Boult CrownX,2.0,Yes
227,2499,Black Strap, Free Size,Inbase FIT,1.78,No
228,879,Brown Strap, Regular,Medulla DZ09,,No
229,1249,black Strap, Free Size,XYZ COLLECTION,,Yes
230,2499,Space Grey Strap, Free Size,Urban FIT,1.78,Yes
231,2270,Silver Strap, Regular,AXL CZAR,1.81,No
232,1244,Black Strap, Free Size,VYGHA COLLECTION,,No
233,799,Black Strap, Free,PunnkFunnk T30,,No
234,699,Black Strap, Free Size,PLUS ORSON,,No
235,676,Black Strap, Free Size,VYGHA COLLECTION,,No
236,1999,Black Strap, Free Size,Inbase Urban,1.7,Yes
237,1399,Black Strap, Standard,TXOR WAVE,,No
238,299,White Strap, M,MVS Multicolor,,No
239,833,Black Strap, Regular,Sai Collections,,No
240,1299,Black Strap, Free Size,Boult Drift,1.69,Yes
241,1399,Jet Black Strap, Free Size,Boult Drift+,1.85,Yes
242,849,Black Strap, Free Size,CALLIE a1,,No
243,708,black Strap, Free Size,SAMSTAR COLLECTION,,No
244,899,Blue Strap, free,Lastpoint Mobile,,No
245,0,Black Strap, Free,Gazzet 4G,,Yes
246,1399,Black Coffee Strap, Free Size,Boult Drift+,1.85,Yes
247,1299,Green Strap, Free Size,Boult Drift,1.69,Yes
248,740,black Strap, Free Size,PS COLLECTION,,No
249,699,Orange Strap, Free Size,firetouch Smart,,No
250,1299,Sand Black Strap, Free Size,Boult Drift,1.69,Yes
251,1999,Chrome Rig Strap, Free Size,Boult CrownR,1.43,Yes
252,999,Black Strap, Free,I bond,,No
253,210,Black Strap, 22,isa creators,,No
254,699,Black Strap, Free Size,Dude T800,,No
255,1049,Black Strap, free,MOBIMOX smart,,No
256,1399,Peach fuzz Strap, Free Size,Boult Drift+,1.85,Yes
257,1399,Chrome Strap, Free Size,Boult Drift+,1.85,Yes
258,897,Black Strap, Free size,Canvalls Certified,,No
259,1415,Pink Strap, Free Size,P U,,Yes
260,1299,Cream Strap, Free Size,Boult Striker,,Yes
261,1399,Gunmetal Strap, Free Size,Boult Drift,1.69,Yes
262,649,Black Strap, REGULAR,STROMBUCKS Bluetooth,,No
263,879,Black Strap, Regular,Ocean I,,No
264,699,Black Strap, Free Size,BEST BOOST,,No
265,630,Pink Strap, Free Size,Wyltron Bluetooth,,Yes
266,1699,Jet Black Strap, Free Size,Boult CrownX,2.0,Yes
267,2499,Black Strap, Free Size,Inbase FIT,1.78,No
268,299,Maroon Strap, M,MVS MVS,,No
269,331,MULTICOLOR Strap, kids,KYOKA Led,,No
270,2499,Space Grey Strap, Free Size,Urban FIT,1.78,Yes
271,2270,Silver Strap, Regular,AXL CZAR,1.81,No
272,879,Brown Strap,Brown Strap,Eleganz A2,,No
273,759,Free size,Free size,HLMT Teenagers,,No
274,269,Pink Strap, All,iSmart 69,,No
275,879,Black Strap, XL,ETN PKY_759V,,No
276,1999,Black Strap, Free Size,Inbase Urban,1.7,Yes
277,1399,Black Strap, Standard,TXOR WAVE,,No
278,699,Black Strap, Free Size,BEAT IT,,No
279,1489,Pink Strap, Free Size,VYGHA COLLECTION,,No
280,1299,Black Strap, Free Size,Boult Drift,1.69,Yes
281,1399,Jet Black Strap, Free Size,Boult Drift+,1.85,Yes
282,2699,Black Strap, Free Size,boAt Wave,2.0,No
283,1399,Grey Strap, Free Size,Fire-Boltt Ninja,46.5,Yes
284,1699,Grey Blue Strap, 1.78,Fire-Boltt Hulk,45.2,Yes
285,1799,Dark Grey Strap, Free Size,Fire-Boltt Apollo,36.3,No
286,1399,Black Coffee Strap, Free Size,Boult Drift+,1.85,Yes
287,1299,Green Strap, Free Size,Boult Drift,1.69,Yes
288,1099,Rose Pink Strap, Regular,Noise Caliber,1.69,No
289,1599,Pink Strap, Regular,Fire-Boltt Talk,35.3,No
290,1299,Sand Black Strap, Free Size,Boult Drift,1.69,Yes
291,1999,Chrome Rig Strap, Free Size,Boult CrownR,1.43,Yes
292,999,Champagne Gold Strap, Free Size,beatXP Nexus,1.78,No
293,3499,Active Black Strap, One Size,boAt Lunar,1.43,No
294,14999,Brown Strap, One Size,Huawei Watch,,No
295,1599,LuxeSilver Strap, Free Size,Boult Crown,1.95,Yes
296,1399,Peach fuzz Strap, Free Size,Boult Drift+,1.85,Yes
297,1399,Chrome Strap, Free Size,Boult Drift+,1.85,Yes
298,999,Black Strap, Free Size,Dr Trust,,No
299,44900,Midnight Strap, Free Size,Apple Watch,,No
300,1299,Cream Strap, Free Size,Boult Striker,,Yes
301,1399,Gunmetal Strap, Free Size,Boult Drift,1.69,Yes
302,2199,Green Strap, Free Size,Fastrack Optimus,1.43,No
303,1299,Regal Gold Strap, Free Size,beatXP Vega,1.43,Yes
304,2199,Blue Strap, Free Size,Fastrack Optimus,1.43,No
305,1699,Green Strap, Free Size,Fire-Boltt Sphere,40.6,No
306,1699,Jet Black Strap, Free Size,Boult CrownX,2.0,Yes
307,2499,Black Strap, Free Size,Inbase FIT,1.78,No
308,1499,Pure Black Strap, Free Size,Boult CrownX,2.0,Yes
309,1199,Electric Black Strap, Free Size,beatXP Flux,1.45,Yes
310,2499,Space Grey Strap, Free Size,Urban FIT,1.78,Yes
311,2270,Silver Strap, Regular,AXL CZAR,1.81,No
312,1699,Black-C Strap, Free Size,Fire-Boltt Spectre,33.5,No
313,3999,Gold Pink Strap, Free Size,Fire-Boltt Hurricane,33.02,No
314,2499,Brown Strap, Regular,Noise Evolve,1.46,No
315,999,Electric Black Strap, Free Size,beatXP Nexus,1.78,No
316,1999,Black Strap, Free Size,Inbase Urban,1.7,Yes
317,1399,Black Strap, Standard,TXOR WAVE,,No
318,1799,Beige Strap, Free Size,Pebble Cosmos,1.91,Yes
319,499,Orange Strap, 49,SGG Smart,,No
320,1299,Black Strap, Free Size,Boult Drift,1.69,Yes
321,1399,Jet Black Strap, Free Size,Boult Drift+,1.85,Yes
322,1449,Pink Strap, Free Size,SAMSTAR COLLECTION,,No
323,740,Black Strap, Free Size,VINEWORD T800,,No
324,899,Black Strap, Regular,888 S_3,,No
325,2305,1 set ofcouple watch, free size,SPEEDFOX T800,,No
326,1399,Black Coffee Strap, Free Size,Boult Drift+,1.85,Yes
327,1299,Green Strap, Free Size,Boult Drift,1.69,Yes
328,999,Silver Strap, Regular,CREATION4U DZ09-418,,No
329,269,Green Strap, All,iSmart 66,,No
330,1299,Sand Black Strap, Free Size,Boult Drift,1.69,Yes
331,1999,Chrome Rig Strap, Free Size,Boult CrownR,1.43,Yes
332,879,Silver Strap, One Size,proffesso dz09,,No
333,467,Black Strap, Free,Ykarn Trades,,No
334,539,black Strap, free size,SM Enterprises,,No
335,1371,Pink Strap, Free Size,SAMSTAR COLLECTION,,No
336,1399,Peach fuzz Strap, Free Size,Boult Drift+,1.85,Yes
337,1399,Chrome Strap, Free Size,Boult Drift+,1.85,Yes
338,687,Black Strap, Free Size,Dude T800,,No
339,654,Black Strap, Free Size,Yash Enterprises,,No
340,1299,Cream Strap, Free Size,Boult Striker,,Yes
341,1399,Gunmetal Strap, Free Size,Boult Drift,1.69,Yes
342,999,Black Strap, free size,Triangle Ant,,No
343,697,Black Strap, 1.99 Inch,SHRI NETRA,,No
344,669,Black Strap, Free Size,TEXOVICT T800,,No
345,330,NA Strap, Mens,RHYLOZ Digital,,No
346,1699,Jet Black Strap, Free Size,Boult CrownX,2.0,Yes
347,2499,Black Strap, Free Size,Inbase FIT,1.78,No
348,750,Black Strap, Free Size,P U,,Yes
349,3885,Black Strap, Free Size,hoco. Y12,,No
350,2499,Space Grey Strap, Free Size,Urban FIT,1.78,Yes
351,2270,Silver Strap, Regular,AXL CZAR,1.81,No
352,1386,Pink Strap, Free Size,VYGHA COLLECTION,,No
353,0,Rose Strap, 1.99,Ezerio Gen,,No
354,25995,Silver Strap, Regular,MICHAEL KORS,,No
355,879,Silver Strap, Free Size,EasyShop DZ09,,No
356,1999,Black Strap, Free Size,Inbase Urban,1.7,Yes
357,1399,Black Strap, Standard,TXOR WAVE,,No
358,879,Silver Strap, Standard,Kwitech DZ09,,No
359,697,Orange Strap, 1.99 Inch,SHRI NETRA,,No
360,1299,Black Strap, Free Size,Boult Drift,1.69,Yes
361,1399,Jet Black Strap, Free Size,Boult Drift+,1.85,Yes
362,1499,Deep Purple Strap, Free Size,boAt Lunar,1.52,No
363,1699,Active Black Strap, Free Size,Fire-Boltt Sphere,40.6,No
364,1599,Teal Strap, 46,Fire-Boltt Talk,35.3,Yes
365,5499,Irish Glam Strap, Free Size,Fire-Boltt Dream,,No
366,1399,Black Coffee Strap, Free Size,Boult Drift+,1.85,Yes
367,1299,Green Strap, Free Size,Boult Drift,1.69,Yes
368,1199,Cool Grey Strap, Free Size,boAt Lunar,,Yes
369,709,Pink Strap, 1.75 Inch Full Screen Display,Gamesir I8,,No
370,1299,Sand Black Strap, Free Size,Boult Drift,1.69,Yes
371,1999,Chrome Rig Strap, Free Size,Boult CrownR,1.43,Yes
372,2499,Black Strap, Free Size,Fastrack Revoltt,1.91,No
373,1399,Pink Strap, Regular,Noise Crew,1.38,Yes
374,1999,Silver Strap, Free Size,Cult Active,1.52,No
375,1799,Blue Strap, Free Size,Fastrack Fastrack,,No
376,1399,Peach fuzz Strap, Free Size,Boult Drift+,1.85,Yes
377,1399,Chrome Strap, Free Size,Boult Drift+,1.85,Yes
378,999,Ice Silver Strap, Free Size,beatXP Marv,2.01,Yes
379,1499,Blue Strap, Regular,Noise Fit,1.32,No
380,1299,Cream Strap, Free Size,Boult Striker,,Yes
381,1399,Gunmetal Strap, Free Size,Boult Drift,1.69,Yes
382,1099,Dark Blue Strap, Free Size,Boult Cosmic,1.3,Yes
383,1399,Red Strap, Regular,Noise Colorfit,1.8,No
384,3099,Silver fusion Strap, Free Size,boAt Wave,2.04,Yes
385,1699,Red Strap, Free Size,boAt Storm,1.78,Yes
386,1699,Jet Black Strap, Free Size,Boult CrownX,2.0,Yes
387,2499,Black Strap, Free Size,Inbase FIT,1.78,No
388,2099,Orange Strap, Free Size,Fire-Boltt Expedition,,Yes
389,2199,Rose Pink Strap, Regular,Noise Icon,1.96,No
390,2499,Space Grey Strap, Free Size,Urban FIT,1.78,Yes
391,2270,Silver Strap, Regular,AXL CZAR,1.81,No
392,1299,Red Chrome Strap, Free Size,Boult Striker,,No
393,2299,Black Strap, Free Size,Cultsport Ace,1.43,No
394,1499,Metal Blue Strap, Free Size,Boult Trail,2.01,No
395,1299,Peach Strap, Free Size,Boult Drift,1.69,Yes
396,1999,Black Strap, Free Size,Inbase Urban,1.7,Yes
397,1399,Black Strap, Standard,TXOR WAVE,,No
398,22499,Silver Strap, 44mm,SAMSUNG Galaxy,,No
399,1799,Black Strap, Free Size,Fire-Boltt Shark,46.5,No
400,1999,Chrome Rig Strap, Free Size,Boult CrownR,1.43,Yes
401,1699,Jet Black Strap, Free Size,Boult CrownX,2.0,Yes
402,1499,Beige Strap, Free Size,Fire-Boltt Destiny,35.3,No
403,1449,Black Strap, 46*39*11.8 MM,Boston Levin,1.85,No
404,1699,Black Link Strap, Regular,Noise Crew,1.39,Yes
405,1449,Pink Gold Strap, 46*39*11.8 MM,Boston Levin,1.85,No
406,2499,Black Strap, Free Size,Inbase FIT,1.78,No
407,2499,Space Grey Strap, Free Size,Urban FIT,1.78,Yes
408,1099,Champagne Gold Strap, Free Size,beatXP Marv,1.96,Yes
409,1599,Gold Black O Strap, Free Size,Fire-Boltt Gladiator,49.7,No
410,2270,Silver Strap, Regular,AXL CZAR,1.81,No
411,1999,Black Strap, Free Size,Inbase Urban,1.7,Yes
412,1599,Black Link Strap, Regular,Noise Crew,1.38,Yes
413,340,Multicolor Strap, Free Size,Tarido Teenagers,,No
414,2299,Black Strap, Free Size,Fastrack Revoltt,1.95,No
415,1799,Black Strap, Regular,Ambrane Wise,1.78,No
416,1999,Black Strap, Free Size,Urban Revolt,,Yes
417,1399,Black Strap, Standard,TXOR WAVE,,No
418,1499,Burgundy Strap, Free Size,boAt Wave,1.96,Yes
419,3999,Black Strap, Free Size,Fire-Boltt Hurricane,33.02,No
420,2499,Blue Orange Strap, Free Size,Urban Zippy,,No
421,2499,White Green Strap, Free Size,Urban Zippy,,No
422,1299,Satin Silver Strap, Free Size,beatXP Evoke,1.43,No
423,1999,Blue Strap, Free Size,Fire-Boltt Supernova,45.2,No
424,2899,Black Strap, Free Size,Fire-Boltt Spacewatch,36.3,No
425,999,Satin Silver Strap, Free Size,beatXP Nuke,1.32,Yes
426,2499,Pink Pink Strap, Free Size,Urban Zippy,,No
427,3999,Brown Strap, Free Size,Urban Fit,1.38,No
428,1799,Gold SS Strap, 1.39,Fire-Boltt Ninja,35.3,No
429,2299,Beige Strap, Free Size,Cult Ranger,1.52,No
430,2136,Black, Free Size,Voods V,2.01,No
431,2041,Grey, Free Size,Voods V,1.85,Yes
432,1499,Orange Strap, Free Size,Fire-Boltt Gladiator,49.7,No
433,1299,Sage Green Strap, Free Size,boAt Force,1.96,Yes
434,622,Orange Strap, Free Size,Chirag Traders,,No
435,749,Black Strap, Free Size,PunnkFunnk T500,,Yes
436,1999,Black Strap, Free Size,"PLAYFIT STRENGTH,",,No
437,718,Pink Strap, Regular & office Wear,WTG i8,1.54,Yes
438,1599,Blue Strap, 1.75,DIZO Watch,1.75,No
439,4999,Cloud Whisper Strap, Free Size,Fire-Boltt Oracle,,No
440,1299,Black Strap, Free Size,Boult Drift,1.69,Yes
441,1399,Jet Black Strap, Free Size,Boult Drift+,1.85,Yes
442,5499,Black Chrome Strap, Free Size,Fire-Boltt Oracle,,No
443,1699,Yellow Strap, Onesize,Fire-Boltt Cyclone,40.6,No
444,1399,Champagne Gold Strap, Free Size,Fire-Boltt Hunter,51.1,No
445,1549,Silver Metal Strap, Free Size,boAt Storm,,No
446,1399,Black Coffee Strap, Free Size,Boult Drift+,1.85,Yes
447,1299,Green Strap, Free Size,Boult Drift,1.69,Yes
448,530,Black Strap, Free Size,Neeraj Traders,,No
449,589,Orange Strap, For All,NIKHILX T800,,No
450,1299,Sand Black Strap, Free Size,Boult Drift,1.69,Yes
451,1999,Chrome Rig Strap, Free Size,Boult CrownR,1.43,Yes
452,1199,Blue Strap, Free Size,boAt Lunar,,Yes
453,1749,Brown Strap, Free Size,boAt Storm,1.78,Yes
454,1699,Black Strap, Free Size,Fire-Boltt Spectre,33.5,No
455,1399,Brown Strap, Regular,Noise Caliber,1.85,No
456,1399,Peach fuzz Strap, Free Size,Boult Drift+,1.85,Yes
457,1399,Chrome Strap, Free Size,Boult Drift+,1.85,Yes
458,1399,Grey Strap, 2.01Inch,Fire-Boltt Ninja,51.1,No
459,2099,Steel Black Strap, Free Size,boAt Ultima,1.96,Yes
460,1299,Cream Strap, Free Size,Boult Striker,,Yes
461,1399,Gunmetal Strap, Free Size,Boult Drift,1.69,Yes
462,699,Black Strap, Free Size,BOOMLY T800,,No
463,595,Black Strap, Free Size,Gunjan Sales,,No
464,799,Black Strap, Regular Wear,WTG T500,1.92,Yes
465,1799,Brown Strap, Regular,Noise Fuse,1.43,Yes
466,1699,Jet Black Strap, Free Size,Boult CrownX,2.0,Yes
467,2499,Black Strap, Free Size,Inbase FIT,1.78,No
468,620,Orange Strap, Free Size,zora T800,,No
469,595,Black Strap, Free Size,BOOMLY T800,,No
470,2499,Space Grey Strap, Free Size,Urban FIT,1.78,Yes
471,2270,Silver Strap, Regular,AXL CZAR,1.81,No
472,1599,Gold-M Strap, Free Size,Fire-Boltt Lumos,48.5,No
473,582,Black Strap, Free Size,Arceus T800,,No
474,3499,Silver Strap, Free Size,CMF by,1.96,No
475,920,gold Strap, 45,dicrobots Ultra,,No
476,1999,Black Strap, Free Size,Inbase Urban,1.7,Yes
477,1399,Black Strap, Standard,TXOR WAVE,,No
478,2199,Black Strap, Free Size,Pebble Cosmos,1.43,No
479,2499,Gun Grey Strap, Free Size,Fire-Boltt Cobalt,36.3,No
480,1299,Black Strap, Free Size,Boult Drift,1.69,Yes
481,1399,Jet Black Strap, Free Size,Boult Drift+,1.85,Yes
482,860,Black Strap, Regular,DigiMart DM,,No
483,795,Black Strap, Free,Gazzet 4G,,No
484,664,Orange Strap, Free Size,firetouch T800,,No
485,299,White Strap, M,MVS Digital,,No
486,1399,Black Coffee Strap, Free Size,Boult Drift+,1.85,Yes
487,1299,Green Strap, Free Size,Boult Drift,1.69,Yes
488,899,Black Strap, Free Size,CALLIE zo9,,No
489,1199,Black Strap, Free Size,Bastex BT,,No
490,1299,Sand Black Strap, Free Size,Boult Drift,1.69,Yes
491,1999,Chrome Rig Strap, Free Size,Boult CrownR,1.43,Yes
492,879,Brown Strap, Regular,Ocean I,,No
493,899,Silver Strap, Regular,WONDERWORLD ™,,No
494,849,Black Strap, Regular,WOKIT A1-341,,No
495,879,Black Strap,Black Strap,NOOSY DZ-09-9,,No
496,1399,Peach fuzz Strap, Free Size,Boult Drift+,1.85,Yes
497,1399,Chrome Strap, Free Size,Boult Drift+,1.85,Yes
498,806,Black Strap, Free,Rock A1,,Yes
499,699,Black Strap, Free Size,BEST BOOST,,No
500,1299,Cream Strap, Free Size,Boult Striker,,Yes
501,1399,Gunmetal Strap, Free Size,Boult Drift,1.69,Yes
502,1449,Pink Strap, Free Size,SAMSTAR COLLECTION,,No
503,992,Black Strap, Regular,CREATION4U DZ09-283,,No
504,879,Black Strap, XL,ETN XSO_939Q,,No
505,712,Black Strap, Free Size,NSP STORE,,No
506,1699,Jet Black Strap, Free Size,Boult CrownX,2.0,Yes
507,2499,Black Strap, Free Size,Inbase FIT,1.78,No
508,699,black Strap, Free Size,SAMSTAR COLLECTION,,No
509,879,Brown Strap, Regular,WOKIT WKT-,,No
510,2499,Space Grey Strap, Free Size,Urban FIT,1.78,Yes
511,2270,Silver Strap, Regular,AXL CZAR,1.81,No
512,668,Orange Strap, Free Size,OMAZONE Smart,,No
513,355,Dark Blue Strap, M,Time Up,,No
514,1499,Z Black Strap, Free,Digiwins T500,,No
515,999,Gold Strap, Regular,WONDERWORLD ™,,No
516,1999,Black Strap, Free Size,Inbase Urban,1.7,Yes
517,1399,Black Strap, Standard,TXOR WAVE,,No
518,879,Brown Strap, Regular,Eleganz ELNZ,,No
519,749,black Strap, Free Size,SAMSTAR COLLECTION,,No
520,1299,Black Strap, Free Size,Boult Drift,1.69,Yes
521,1399,Jet Black Strap, Free Size,Boult Drift+,1.85,Yes
522,669,Black Strap, Free Size,TEXOVICT T800,,No
523,699,Orange Strap, Free Size,firetouch T800,,No
524,1499,Silver Strap, 1,iSmart 7,,No
525,572,Black Strap, Free Size,Yash Enterprises,,No
526,1399,Black Coffee Strap, Free Size,Boult Drift+,1.85,Yes
527,1299,Green Strap, Free Size,Boult Drift,1.69,Yes
528,474,Red Strap, KIDS,windexa Digital,,No
529,879,Brown Strap, Regular,HealthMax DZ09-10,,No
530,1299,Sand Black Strap, Free Size,Boult Drift,1.69,Yes
531,1999,Chrome Rig Strap, Free Size,Boult CrownR,1.43,Yes
532,740,Orange Strap, Free,DIGIBUDS T800,,Yes
533,740,Orange Strap, Free Size,NSP STORE,,No
534,1299,Black Strap, Free Size,FANOSONS A1,,No
535,599,Black Strap, Free Size,Gunjan Enterprises,,No
536,1399,Peach fuzz Strap, Free Size,Boult Drift+,1.85,Yes
537,1399,Chrome Strap, Free Size,Boult Drift+,1.85,Yes
538,1499,Black Strap, Free Size,Digniti T55,,No
539,579,Black Strap, Free,MindsArt OP.PO-T500,,No
540,1299,Cream Strap, Free Size,Boult Striker,,Yes
541,1399,Gunmetal Strap, Free Size,Boult Drift,1.69,Yes
542,599,Orange Strap, FREE SIZE,TIGFANTER smart,,No
543,1403,Black Strap, Free Size,Unique Collection,,No
544,879,Brown Strap, Regular,Eleganz ELNZ,,No
545,551,Black Strap, Free Size,TECHMAZE T500,,Yes
546,1699,Jet Black Strap, Free Size,Boult CrownX,2.0,Yes
547,2499,Black Strap, Free Size,Inbase FIT,1.78,No
548,899,Black Strap, Regular,IBS silver,,No
549,699,Black Strap, Free Size,STAR T900,,No
550,2499,Space Grey Strap, Free Size,Urban FIT,1.78,Yes
551,2270,Silver Strap, Regular,AXL CZAR,1.81,No
552,0,Black Strap, Free Size,TECHMAZE T500,,Yes
553,1329,Pink Strap, Free Size,Digniti New,,No
554,0,Black Strap, Free Size,Anurag T500,,No
555,899,Black Strap, Regular,IBS silver,,No
556,1999,Black Strap, Free Size,Inbase Urban,1.7,Yes
557,1399,Black Strap, Standard,TXOR WAVE,,No
558,879,Multicolor Strap, XL,ETN HQC,,No
559,599,Black Strap, FREE SIZE,Zrose T500,,No
560,1299,Black Strap, Free Size,Boult Drift,1.69,Yes
561,1399,Jet Black Strap, Free Size,Boult Drift+,1.85,Yes
562,999,Orange Strap, Regular,"alt Lit,",1.85,Yes
563,590,Black Strap, Free Size,Yash Enterprises,,No
564,1399,Black Metal Strap, Free Size,boAt Storm,,No
565,2199,Brown Leather Strap, Free Size,boAt Ultima,1.96,Yes
566,1399,Black Coffee Strap, Free Size,Boult Drift+,1.85,Yes
567,1299,Green Strap, Free Size,Boult Drift,1.69,Yes
568,1999,Deep Blue Strap, Free Size,boAt Ultima,1.96,Yes
569,2299,Green Strap, Free Size,Cult Ranger,1.52,No
570,1299,Sand Black Strap, Free Size,Boult Drift,1.69,Yes
571,1999,Chrome Rig Strap, Free Size,Boult CrownR,1.43,Yes
572,664,Orange Strap, Free Size,Gamesir Melbon,1.96,No
573,567,Black Strap, free,TECHMAZE Premium,,Yes
574,587,Black Strap, Medium,Sequent Ultra,,No
575,1499,Blue Strap, Regular,Noise Icon,1.91,Yes
576,1399,Peach fuzz Strap, Free Size,Boult Drift+,1.85,Yes
577,1399,Chrome Strap, Free Size,Boult Drift+,1.85,Yes
578,2099,Pink Strap, Free Size,Fire-Boltt Horizon,51.8,No
579,593,Black Strap, Free Size,Yash Enterprises,,No
580,1299,Cream Strap, Free Size,Boult Striker,,Yes
581,1399,Gunmetal Strap, Free Size,Boult Drift,1.69,Yes
582,606,Black Strap, Free,MSO T900,2.09,No
583,599,orange Strap, free,NIKHILX T800,,No
584,799,Gold Strap, Regular Wear,WTG T500,1.96,Yes
585,599,Black Strap, Free Size,NIKHILX T500,,No
586,1699,Jet Black Strap, Free Size,Boult CrownX,2.0,Yes
587,2499,Black Strap, Free Size,Inbase FIT,1.78,No
588,2499,Classic Black Strap, Regular,Noise Evolve,1.46,No
589,683,Pink Strap, Free Size,PunnkFunnk i8,1.69,Yes
590,2499,Space Grey Strap, Free Size,Urban FIT,1.78,Yes
591,2270,Silver Strap, Regular,AXL CZAR,1.81,No
592,633,Orange Strap, Free,NAS T900/T10,,No
593,693,Pink Strap, 1.75 Inch Big Display Sweat Proof,Gamesir T55,1.75,Yes
594,599,Black Strap, Free Size,Jinisha T500,,No
595,630,Orange Strap, Freesize,WRADER T800,,No
596,1999,Black Strap, Free Size,Inbase Urban,1.7,Yes
597,1399,Black Strap, Standard,TXOR WAVE,,No
598,1299,Copper Metal Strap, Free Size,Boult Striker,,No
599,590,Orange Strap, Free Size,Veritas Enterprises,,No
600,1299,Black Strap, Free Size,Boult Drift,1.69,Yes
601,1399,Jet Black Strap, Free Size,Boult Drift+,1.85,Yes
602,881,Black Strap, free,Gedlly Calling4G,,Yes
603,579,Black Strap, free,Lastpoint Mobile,,No
604,879,Brown Strap,Brown Strap,NOOSY DZ-09-9,,No
605,879,Black Strap, Regular,Ocean I,,No
606,1399,Black Coffee Strap, Free Size,Boult Drift+,1.85,Yes
607,1299,Green Strap, Free Size,Boult Drift,1.69,Yes
608,879,Black Strap, Standard,Kwitech Smartwatch,,No
609,699,Black Strap, 44,OMAAYAA Find,,No
610,1299,Sand Black Strap, Free Size,Boult Drift,1.69,Yes
611,1999,Chrome Rig Strap, Free Size,Boult CrownR,1.43,Yes
612,0,black Strap, Free Size,SAMSTAR COLLECTION,,No
613,795,Blue Strap, free,MindsArt 4G,,No
614,749,black Strap, Free Size,SAMSTAR COLLECTION,,No
615,1749,White Strap, Free Size,PS COLLECTION,,No
616,1399,Peach fuzz Strap, Free Size,Boult Drift+,1.85,Yes
617,1399,Chrome Strap, Free Size,Boult Drift+,1.85,Yes
618,0,Black Strap, Free Size,CHG i8,,No
619,795,Black Strap, free,gazzet Android,,No
620,1299,Cream Strap, Free Size,Boult Striker,,Yes
621,1399,Gunmetal Strap, Free Size,Boult Drift,1.69,Yes
622,0,black Strap, Free Size,Wyltron T800,,No
623,0,Black Strap, Free Size,TECHMAZE T500,,Yes
624,899,Black Strap, Regular,CREATION4U DZ09-31,,No
625,697,Orange Strap, 1.99 Inch,SHRI NETRA,,No
626,1699,Jet Black Strap, Free Size,Boult CrownX,2.0,Yes
627,2499,Black Strap, Free Size,Inbase FIT,1.78,No
628,0,Black Strap, Free Size,TECHMAZE T500,,Yes
629,699,Black Strap, Free Size,maxphony T800,,No
630,2499,Space Grey Strap, Free Size,Urban FIT,1.78,Yes
631,2270,Silver Strap, Regular,AXL CZAR,1.81,No
632,849,Black Strap, Regular,Medulla MD,,No
633,675,Orange Strap, FREE SIZE,TIGFANTER t-800,,No
634,699,White Ocean Strap, Free,Spark-X Ultra,,No
635,879,Black Strap, Regular,WDS WDS,,No
636,1999,Black Strap, Free Size,Inbase Urban,1.7,Yes
637,1399,Black Strap, Standard,TXOR WAVE,,No
638,379,Black Strap, FREE SIZE,Clonezo ADVANCE,,No
639,1529,Pink Strap, Free Size,SAMSTAR COLLECTION,,No
640,1299,Black Strap, Free Size,Boult Drift,1.69,Yes
641,1399,Jet Black Strap, Free Size,Boult Drift+,1.85,Yes
642,469,Black Strap, FREE SIZE,Clonezo ULTRA_D18,,No
643,5999,Sunshine Yellow Strap, Free Size,boAt Wanderer,,No
644,296,White Strap, Free size,KAIN kids,,No
645,1599,Light Gold O Strap, Free Size,Fire-Boltt Gladiator,49.7,No
646,1399,Black Coffee Strap, Free Size,Boult Drift+,1.85,Yes
647,1299,Green Strap, Free Size,Boult Drift,1.69,Yes
648,351,MULTICOLOR Strap, KIDS,windexa LEDDisplayDigitalWatchWaterproof,,No
649,299,Cream Strap, M,HLMT Teenagers,,No
650,1299,Sand Black Strap, Free Size,Boult Drift,1.69,Yes
651,1999,Chrome Rig Strap, Free Size,Boult CrownR,1.43,Yes
652,559,Black Strap, Free Size,Yash Enterprises,,No
653,1039,Multicolor Strap, Free Size,SIACART 7,,No
654,3499,Classic Brown Strap, Regular,Noise Pro,1.85,No
655,590,ORANGE Strap, 5,Pushkar Traders,,No
656,1399,Peach fuzz Strap, Free Size,Boult Drift+,1.85,Yes
657,1399,Chrome Strap, Free Size,Boult Drift+,1.85,Yes
658,588,Orange Alpine Strap, Free,technofill Ultra,,No
659,877,Brown Strap, Regular,Bastex DZ09,,No
660,1299,Cream Strap, Free Size,Boult Striker,,Yes
661,1399,Gunmetal Strap, Free Size,Boult Drift,1.69,Yes
662,24999,Black Steel Strap, Free Size,OnePlus Watch,,No
663,1599,Blue-M Strap, Free Size,Fire-Boltt Lumos,48.5,No
664,559,Black Strap, Free Size,Yash Enterprises,,No
665,549,Orange Strap, Free Size,MTOUCH T800,1.99,No
666,1699,Jet Black Strap, Free Size,Boult CrownX,2.0,Yes
667,2499,Black Strap, Free Size,Inbase FIT,1.78,No
668,999,Grey Strap, Free Size,WTG H9,2.01,Yes
669,1385,Golden, Free,Avonix Trendy,,No
670,2499,Space Grey Strap, Free Size,Urban FIT,1.78,Yes
671,2270,Silver Strap, Regular,AXL CZAR,1.81,No
672,1699,Silver-C Strap, Free Size,Fire-Boltt Spectre,33.5,No
673,1699,Jet Black Strap, Free Size,Pebble Ultra,1.83,No
674,1045,Black, Free Size,Sarsa 8,,Yes
675,631,Black Strap, Free Size,ROBB STARK,,No
676,1999,Black Strap, Free Size,Inbase Urban,1.7,Yes
677,1399,Black Strap, Standard,TXOR WAVE,,No
678,624,Black Strap, Free Size,VDTECH S8,,Yes
679,567,Black Strap, 1.90 Inch,NIKHILX T500/T800/T700,,No
680,1299,Black Strap, Free Size,Boult Drift,1.69,Yes
681,1399,Jet Black Strap, Free Size,Boult Drift+,1.85,Yes
682,620,Black Strap, Free Size,Satyam TRADERS,,Yes
683,590,Black Strap, Free Size,Congi Android,,No
684,590,Black Strap, Free Size,NSP STORE,,No
685,1799,Black Gold Silver Strap, Free Size,Fire-Boltt Astra,,No
686,1399,Black Coffee Strap, Free Size,Boult Drift+,1.85,Yes
687,1299,Green Strap, Free Size,Boult Drift,1.69,Yes
688,664,Black Titanium Strap, 1.5 Inch,PunnkFunnk T55,,Yes
689,299,RED Strap, KIDS,Miyota Detachable,,No
690,1299,Sand Black Strap, Free Size,Boult Drift,1.69,Yes
691,1999,Chrome Rig Strap, Free Size,Boult CrownR,1.43,Yes
692,949,Pink Strap, Free Size,PS COLLECTION,,No
693,372,Black Strap, free,Ykarn Trades,,No
694,1399,Red Strap, Free Size,Fire-Boltt Legend,35.3,Yes
695,699,Black Strap, Free Size,Jeemak T900,,No
696,1399,Peach fuzz Strap, Free Size,Boult Drift+,1.85,Yes
697,1399,Chrome Strap, Free Size,Boult Drift+,1.85,Yes
698,1099,Copper Black Strap, Free Size,beatXP Marv,1.85,Yes
699,1699,Gold C Strap, Free Size,Fire-Boltt Gladiator,49.7,No
700,1299,Cream Strap, Free Size,Boult Striker,,Yes
701,1399,Gunmetal Strap, Free Size,Boult Drift,1.69,Yes
702,710,Orange Strap, Free Size,PLUS ORSON,,No
703,598,Black Strap, Free Size,Yash Enterprises,,No
704,29899,Midnight Strap, Free Size,Apple Watch,,No
705,624,Orange Strap, Free Size,VDTECH S8,,Yes
706,1699,Jet Black Strap, Free Size,Boult CrownX,2.0,Yes
707,2499,Black Strap, Free Size,Inbase FIT,1.78,No
708,4299,Orange Strap, Free size,MUGO S8,,No
709,648,Orange Strap, Free Size,Mynz T10,,No
710,2499,Space Grey Strap, Free Size,Urban FIT,1.78,Yes
711,2270,Silver Strap, Regular,AXL CZAR,1.81,No
712,0,Black Strap, 44,OMAAYAA Top-Rated,,No
713,709,Black Strap, Free Size,TRUETAG T900,,No
714,710,Black Strap, Free Size,PLUS ORSON,,No
715,588,Orange Strap, Free Size,zdea T900,,No
716,1999,Black Strap, Free Size,Inbase Urban,1.7,Yes
717,1399,Black Strap, Standard,TXOR WAVE,,No
718,1699,Silver C Strap, Free Size,Fire-Boltt Gladiator,49.7,No
719,813,Black Strap, Free Size,Neel Traders,,No
720,1299,Black Strap, Free Size,Boult Drift,1.69,Yes
721,1399,Jet Black Strap, Free Size,Boult Drift+,1.85,Yes
722,699,Orange Strap, Free Size,FEEL FLON,,No
723,1633,Gold Strap, Free Size,TECHMAZE Smart,,No
724,557,Black Strap, Free Size,TECHMAZE T500,,Yes
725,636,Black Strap, Free Size,TEXOVICT T800,,No
726,1399,Black Coffee Strap, Free Size,Boult Drift+,1.85,Yes
727,1299,Green Strap, Free Size,Boult Drift,1.69,Yes
728,598,Orange Strap, Free Size,Arceus T900,,No
729,499,Black Strap, Free Size,Neeraj Traders,,No
730,1299,Sand Black Strap, Free Size,Boult Drift,1.69,Yes
731,1999,Chrome Rig Strap, Free Size,Boult CrownR,1.43,Yes
732,549,Black Strap, Free Size,technofill Latest,,No
733,1799,Blue Strap, Regular,Ambrane Wise,1.78,No
734,1349,Multicolor Strap, Free Size,Hokti i20,,No
735,1380,Golden, Free,ULTRON Trendy,,No
736,1399,Peach fuzz Strap, Free Size,Boult Drift+,1.85,Yes
737,1399,Chrome Strap, Free Size,Boult Drift+,1.85,Yes
738,546,Orange Strap, Free,NIKHILX T800,,No
739,1439,Rosegold Strap, Free size,dicrobots WOMEN,,No
740,1299,Cream Strap, Free Size,Boult Striker,,Yes
741,1399,Gunmetal Strap, Free Size,Boult Drift,1.69,Yes
742,2999,ONYX BLACK Strap, Free Size,Pebble Dome,1.52,No
743,614,Orange Strap, Free Size,zora Pack,,Yes
744,1249,Multicolor Strap, Free Size,Veritas Enterprises,,No
745,1282,Red Strap, Regular Size,Melbon Kids,,Yes
746,1699,Jet Black Strap, Free Size,Boult CrownX,2.0,Yes
747,2499,Black Strap, Free Size,Inbase FIT,1.78,No
748,1699,Peach Strap, Free Size,WTG Active,,Yes
749,700,black Strap, Free Size,PS COLLECTION,,Yes
750,2499,Space Grey Strap, Free Size,Urban FIT,1.78,Yes
751,2270,Silver Strap, Regular,AXL CZAR,1.81,No
752,800,Black Strap, Free Size,TAXTURE DZ09,,No
753,664,Black Strap, Free Size,BEST BOOST,,Yes
754,589,Orange Strap, Free Size,Melbon T800,,Yes
755,647,Black Strap, Free Size,Chirag Traders,,No
756,1999,Black Strap, Free Size,Inbase Urban,1.7,Yes
757,1399,Black Strap, Standard,TXOR WAVE,,No
758,1899,Cool Blue Strap, Free Size,boAt Lunar,1.45,Yes
759,699,Black Strap, Free Size,STAR T900,,No
760,1299,Black Strap, Free Size,Boult Drift,1.69,Yes
761,1399,Jet Black Strap, Free Size,Boult Drift+,1.85,Yes
762,498,pink Strap, free size,Amexton I8MAX-PRO,,No
763,5199,Marine Mirage Strap, Free Size,Fire-Boltt Oracle,,No
764,620,Orange Strap, Free Size,Satyam TRADERS,,No
765,740,Multicolor Strap, Free Size,TECHMAZE I40,,No
766,1399,Black Coffee Strap, Free Size,Boult Drift+,1.85,Yes
767,1299,Green Strap, Free Size,Boult Drift,1.69,Yes
768,563,Orange Strap, Free Size,Satyam TRADERS,,No
769,630,Black Strap, free,KDGLOBALMART T900,,No
770,1299,Sand Black Strap, Free Size,Boult Drift,1.69,Yes
771,1999,Chrome Rig Strap, Free Size,Boult CrownR,1.43,Yes
772,474,NA Strap, For All,AMAN ASSOCIATES,,No
773,511,Orange Strap, Free size,NIKHILX Ultra,,No
774,548,Orange Strap, Free Size,Arceus Android,,No
775,870,MULTICOLOR Strap, FOR ALL,EVAAENTERPRISES C9,,No
776,1399,Peach fuzz Strap, Free Size,Boult Drift+,1.85,Yes
777,1399,Chrome Strap, Free Size,Boult Drift+,1.85,Yes
778,580,Black Strap, Free Size,TECHMAZE T500,,Yes
779,1499,Gold, 49,OXILAG Latest,,Yes
780,1299,Cream Strap, Free Size,Boult Striker,,Yes
781,1399,Gunmetal Strap, Free Size,Boult Drift,1.69,Yes
782,1282,Black Strap, Regular Size,Melbon Kids,,Yes
783,882,Gold Strap, 2.10 Inch Sunlight Proof Display,Philo 24K,,No
784,795,Black Strap, 43.5*40*11.8,Epresent DZ09,,No
785,1699,Pink Strap, Free Size,Gamesir Active,,No
786,1699,Jet Black Strap, Free Size,Boult CrownX,2.0,Yes
787,2499,Black Strap, Free Size,Inbase FIT,1.78,No
788,664,Black Strap, Free Size,BEAT IT,,Yes
789,589,black Strap, Free Size,SAMSTAR COLLECTION,,Yes
790,2499,Space Grey Strap, Free Size,Urban FIT,1.78,Yes
791,2270,Silver Strap, Regular,AXL CZAR,1.81,No
792,873,Gold Strap, Free Size,maavi Watch,,No
793,835,Brown Strap, Free,Rock DZ09,,No
794,1799,Rose Gold Strap, Free Size,Cultsport Beats,1.85,No
795,559,Orange Strap, Free Size,ROCK TOUCH,,No
796,1999,Black Strap, Free Size,Inbase Urban,1.7,Yes
797,1399,Black Strap, Standard,TXOR WAVE,,No
798,673,Black Strap, 1.99,Melbon T800,,No
799,599,Orange Strap, Free Size,wipix New,,Yes
800,1299,Black Strap, Free Size,Boult Drift,1.69,Yes
801,1399,Jet Black Strap, Free Size,Boult Drift+,1.85,Yes
802,675,Black Strap, FREE SIZE,TIGFANTER t800,,No
803,849,Silver Strap, 2.0 INCH DISPLAY,MTR AVATAR,,No
804,649,Black Strap, Free Size,TECHMAZE T500,,Yes
805,470,Black Strap, small,Bilton Bilton,,No
806,1399,Black Coffee Strap, Free Size,Boult Drift+,1.85,Yes
807,1299,Green Strap, Free Size,Boult Drift,1.69,Yes
808,1379,Pink Strap, Free Size,PS COLLECTION,,No
809,699,Orange Strap, Free Size,maxphony T800,,No
810,1299,Sand Black Strap, Free Size,Boult Drift,1.69,Yes
811,1999,Chrome Rig Strap, Free Size,Boult CrownR,1.43,Yes
812,879,Black Strap, Regular,WDS WDS,,No
813,879,Black Strap, Regular,WOKIT WKT-,,No
814,664,Black Strap, Free Size,BEAT IT,,Yes
815,795,Brown Strap, Regular,MindsArt A3,,No
816,1399,Peach fuzz Strap, Free Size,Boult Drift+,1.85,Yes
817,1399,Chrome Strap, Free Size,Boult Drift+,1.85,Yes
818,879,Black Strap, Regular,Eleganz ELNZ,,No
819,712,Black Strap, Free Size,SUFA T55,,No
820,1299,Cream Strap, Free Size,Boult Striker,,Yes
821,1399,Gunmetal Strap, Free Size,Boult Drift,1.69,Yes
822,880,Black Strap, Free Size,TAXTURE DZ09-Bluetooth,,Yes
823,879,Black Strap, XL,ETN ZYK_480Z,,No
824,699,Orange Strap, Free Size,BEST BOOST,,No
825,799,black Strap, Free Size,SAMSTAR COLLECTION,,Yes
826,1699,Jet Black Strap, Free Size,Boult CrownX,2.0,Yes
827,2499,Black Strap, Free Size,Inbase FIT,1.78,No
828,649,Black Strap, Free Size,TECHMAZE T500,,Yes
829,649,Black Strap, Free Size,TECHMAZE T500,,Yes
830,2499,Space Grey Strap, Free Size,Urban FIT,1.78,Yes
831,2270,Silver Strap, Regular,AXL CZAR,1.81,No
832,599,Black Strap, Free Size,TECHMAZE T500,,Yes
833,1479,Pink Strap, Free Size,SAMSTAR COLLECTION,,No
834,1579,White Strap, Free Size,PS COLLECTION,,No
835,649,Black Strap, Free Size,TECHMAZE T500,,Yes
836,1999,Black Strap, Free Size,Inbase Urban,1.7,Yes
837,1399,Black Strap, Standard,TXOR WAVE,,No
838,740,Orange Strap, Free Size,NSP STORE,,No
839,879,Gold Strap, Free Size,KING LISTEST,,No
840,1299,Black Strap, Free Size,Boult Drift,1.69,Yes
841,1399,Jet Black Strap, Free Size,Boult Drift+,1.85,Yes
842,490,Orange Strap, Free Size,dlx hmt,,Yes
843,622,Orange Strap, Free Size,ROBB STARK,,No
844,1389,Multicolor Strap, Free Size,MAYAS S8,,Yes
845,54999,Midnight Strap, Regular,Apple Watch,,No
846,1399,Black Coffee Strap, Free Size,Boult Drift+,1.85,Yes
847,1299,Green Strap, Free Size,Boult Drift,1.69,Yes
848,578,Orange Strap, Free Size,Lv enterprises,,No
849,1319,Gold Strap, Free Size,TECHMAZE luxury,,No
850,1299,Sand Black Strap, Free Size,Boult Drift,1.69,Yes
851,1999,Chrome Rig Strap, Free Size,Boult CrownR,1.43,Yes
852,379,Black Strap, FREE SIZE,Clonezo _D20,,No
853,1229,Pink Strap, Free Size,PS COLLECTION,,No
854,398,Black Strap, FREE SIZE,Clonezo ULTRA_ID116,,No
855,662,Black Strap, Free Size,Digniti New,,No
856,1399,Peach fuzz Strap, Free Size,Boult Drift+,1.85,Yes
857,1399,Chrome Strap, Free Size,Boult Drift+,1.85,Yes
858,1399,multicolour Strap, 10,EVAAENTERPRISES 7,,No
859,719,Grey Strap, 49,SGG Smart,,No
860,1299,Cream Strap, Free Size,Boult Striker,,Yes
861,1399,Gunmetal Strap, Free Size,Boult Drift,1.69,Yes
862,999,Black Strap, 5,UnV DZ09,,No
863,683,Pink Strap, 1.75 Inch Full Screen Display,Gamesir I8,,No
864,1299,multicolour Strap, 10,EVAAENTERPRISES 7,,No
865,1259,Pink Strap, Free size,MORDEN SOS,,No
866,1699,Jet Black Strap, Free Size,Boult CrownX,2.0,Yes
867,2499,Black Strap, Free Size,Inbase FIT,1.78,No
868,299,Grey Strap, M,MVS Digital,,No
869,719,black Strap, Free Size,SAMSTAR COLLECTION,,Yes
870,2499,Space Grey Strap, Free Size,Urban FIT,1.78,Yes
871,2270,Silver Strap, Regular,AXL CZAR,1.81,No
872,1899,pink Strap, free size,SLITY Smartwatch,,No
873,619,black Strap, free size,SM Enterprises,,No
874,664,Black Strap, Free Size,zdea T900,,No
875,372,Black Strap, FREE,Ykarn Trades,,No
876,1999,Black Strap, Free Size,Inbase Urban,1.7,Yes
877,1399,Black Strap, Standard,TXOR WAVE,,No
878,815,Black Strap, Free Size,SIACART DZ09,,No
879,799,Black Strap, Free Size,SSN Global,,No
880,1999,Chrome Rig Strap, Free Size,Boult CrownR,1.43,Yes
881,1699,Jet Black Strap, Free Size,Boult CrownX,2.0,Yes
882,601,Pink Strap, Free Size,S.K. TRADERS,,No
883,599,Black Strap, Free,JUUP T800,,No
884,650,Orange Strap, Free Size,Allum T800,,No
885,1333,Multicolor Strap, Free Size,Veritas Enterprises,,No
886,2499,Black Strap, Free Size,Inbase FIT,1.78,No
887,2499,Space Grey Strap, Free Size,Urban FIT,1.78,Yes
888,711,Black Strap, 1.99,Melbon T800,,No
889,379,Black Strap, Free,Ykarn Trades,,No
890,2270,Silver Strap, Regular,AXL CZAR,1.81,No
891,1999,Black Strap, Free Size,Inbase Urban,1.7,Yes
892,649,Black Strap, Free Size,ROBB STARK,1.69,Yes
893,875,Gold Strap, Free Size,TECHMAZE Golden,,No
894,699,Regal Strap, ALL,RICH POLO,,No
895,590,Black Strap, Free Size,Yash Enterprises,,No
896,1399,Black Strap, Standard,TXOR WAVE,,No
897,1999,Black Strap, Free Size,Urban Revolt,,Yes
898,1699,Grey Strap, Free Size,Gamesir Active,,No
899,759,Orange, Free size (Adjustable strap),EverydayEssentials T900,,No
900,2499,Blue Orange Strap, Free Size,Urban Zippy,,No
901,2499,White Green Strap, Free Size,Urban Zippy,,No
902,584,Black Strap, Free,Twixxle T500,,No
903,533,Orange Strap, Free,YAROH NMM_496A_T800,,No
904,299,Black Strap, Regular,MVS Digital,,No
905,898,Gold, Free Size,Nikki Trades,,No
906,2499,Pink Pink Strap, Free Size,Urban Zippy,,No
907,3999,Brown Strap, Free Size,Urban Fit,1.38,No
908,397,Black Strap, Free,VIGIL ID116,1.3,No
909,1499,Multicolour Strap, 49,OXILAG Combo,,No
910,2136,Black, Free Size,Voods V,2.01,No
911,2041,Grey, Free Size,Voods V,1.85,Yes
912,949,Golden Strap, 49,OXILAG Golden,2.19,No
913,699,Black Strap, Free Size,BOOMLY T800,,No
914,691,Black Strap, 1.75,Priyansh I7,,No
915,1599,Multicolor Strap, Free Size,Gamesir H20,,No
916,1999,Black Strap, Free Size,"PLAYFIT STRENGTH,",,No
917,664,BLACK Strap, Free Size,Wyltron T55,,No
918,599,Silver Strap, FREE,NIKHILX XS8,,No
919,2745,Multicolor Strap, 49,SHIVMYRA Upgraded,,No
920,1299,Black Strap, Free Size,Boult Drift,1.69,Yes
921,1399,Jet Black Strap, Free Size,Boult Drift+,1.85,Yes
922,7999,Black Strap, Free,Turet GPS,,No
923,699,Black Strap, Free Size,maxphony T800,,No
924,699,black Strap, Free Size,SAMSTAR COLLECTION,,No
925,849,Gold Strap, 2.0 INCH DISPLAY,MTR AVATAR,,No
926,1399,Black Coffee Strap, Free Size,Boult Drift+,1.85,Yes
927,1299,Green Strap, Free Size,Boult Drift,1.69,Yes
928,0,Black Strap, Free Size,Unique Collection,,Yes
929,963,Orange Strap, Free Size,RECTITUDE T900,2.09,No
930,1299,Sand Black Strap, Free Size,Boult Drift,1.69,Yes
931,1999,Chrome Rig Strap, Free Size,Boult CrownR,1.43,Yes
932,499,Green Strap, All,iSmart 25,,No
933,569,Black Strap, FREE SIZE,TIGFANTER T800,,No
934,795,Black Strap, free,Raysx Smartwatch,,No
935,0,Black Strap, Free,TAXTURE Premium,,Yes
936,1399,Peach fuzz Strap, Free Size,Boult Drift+,1.85,Yes
937,1399,Chrome Strap, Free Size,Boult Drift+,1.85,Yes
938,849,Black Strap, Free size,ALONZO A1,,No
939,1779,White Strap, Free Size,PS COLLECTION,,No
940,1299,Cream Strap, Free Size,Boult Striker,,Yes
941,1399,Gunmetal Strap, Free Size,Boult Drift,1.69,Yes
942,1599,Gold Strap, 1,iSmart 17,,No
943,879,Brown Strap, Regular,SD SD,,No
944,999,Brown Strap, Regular,IBS GOLDEN,,No
945,551,Black Strap, Free Size,TECHMAZE T500,,Yes
946,2499,Black Strap, Free Size,Inbase FIT,1.78,No
947,2499,Space Grey Strap, Free Size,Urban FIT,1.78,Yes
948,664,Orange Strap, Free Size,firetouch T800,,No
949,2394,Black Strap, FREE SIZE,FUK Wave,,No
950,2270,Silver Strap, Regular,AXL CZAR,1.81,No
951,1999,Black Strap, Free Size,Inbase Urban,1.7,Yes
952,327,MULTICOLOR Strap, KIDS,KYOKA Led,,No
953,367,Pink Strap, M,Time Up,,No
954,639,Black Strap, For All,FLIPZONE T800,,No
955,0,Black Strap, Free Size,TECHMAZE T500,,Yes
956,1399,Black Strap, Standard,TXOR WAVE,,No
957,1999,Black Strap, Free Size,Urban Revolt,,Yes
958,740,Orange Strap, For All,NSP STORE,,No
959,699,Black Strap, Free Size,maxphony T800,,No
960,1299,Black Strap, Free Size,Boult Drift,1.69,Yes
961,1399,Jet Black Strap, Free Size,Boult Drift+,1.85,Yes
962,7999,Pink Strap, Free,Turet Smart,,No
963,1389,Pink Strap, Free Size,VYGHA COLLECTION,,Yes
964,479,Black Strap, FREE SIZE,KPM IDS116,,No
965,649,Black Strap, Free Size,TECHMAZE T500,,Yes
966,1399,Black Coffee Strap, Free Size,Boult Drift+,1.85,Yes
967,1299,Green Strap, Free Size,Boult Drift,1.69,Yes
968,1699,Pink Strap, Free Size,PS COLLECTION,,No
969,329,MULTICOLOR Strap, KIDS,windexa Led,,No
970,1399,Black Strap, Free Size,Boult Crown,1.95,Yes
971,1299,Sand Black Strap, Free Size,Boult Drift,1.69,Yes
972,0,Black Strap, Free Size,ROBB STARK,,No
973,1749,White Strap, Free Size,PS COLLECTION,,No
974,0,Black Strap, Free Size,TECHMAZE T500,,Yes
975,664,Black Strap, Free Size,maxphony T800,,No
976,1499,Silver Strap, Free Size,Boult Crown,1.95,Yes
977,1999,Chrome Rig Strap, Free Size,Boult CrownR,1.43,Yes
978,879,Black Strap, Regular,Ocean I,,No
979,740,white Strap, Free Size,SAMSTAR COLLECTION,,No
980,1399,Peach fuzz Strap, Free Size,Boult Drift+,1.85,Yes
981,1399,Chrome Strap, Free Size,Boult Drift+,1.85,Yes
982,879,Brown Strap, Regular,Shan SHN-,,No
983,1889,Grey Strap, Free Size,Rat Bold,,Yes
984,999,Black Strap, 1,iSmart Women,,No
985,879,Gold Strap, Regular,DEEP GLOBAL,,No
986,1299,Cream Strap, Free Size,Boult Striker,,Yes
987,1399,Yellow Strap, Free Size,Boult Crown,1.95,Yes
988,699,Orange Strap, Free Size,maxphony T800,,No
989,879,Black Strap, Regular,WOKIT WKT-,,No
990,1399,Gunmetal Strap, Free Size,Boult Drift,1.69,Yes
991,1699,Jet Black Strap, Free Size,Boult CrownX,2.0,Yes
992,1549,Black Strap, Free Size,PS COLLECTION,,No
993,549,black Strap, Free Size,SAMSTAR COLLECTION,,No
994,699,Black Strap, Free Size,PLUS ORSON,,No
995,329,MULTICOLOR Strap, KIDS,windexa Led,,No
996,2499,Black Strap, Free Size,Inbase FIT,1.78,No
997,2499,Space Grey Strap, Free Size,Urban FIT,1.78,Yes
998,879,Black Strap, Regular,Medulla MD,,No
999,699,Black Strap, Free Size,maxphony T800,,No
